{
  "class_name": "PinholeCameraParameters",
  "extrinsic": [
    0.8302402375334207,
    0.21089657477867602,
    -0.5159687807678598,
    0.0,
    0.5501281742405533,
    -0.45911444637922305,
    0.6975477883504866,
    0.0,
    -0.0897782818236402,
    -0.8629812048199671,
    -0.49719543465349036,
    0.0,
    -0.5116534206096408,
    0.8931000044159005,
    5.146920161496183,
    1.0
  ],
  "intrinsic": {
    "height": 1136,
    "intrinsic_matrix": [
      938.6554289886745,
      0.0,
      0.0,
      0.0,
      938.6554289886745,
      0.0,
      924.5,
      567.5,
      1.0
    ],
    "width": 1850
  },
  "version_major": 1,
  "version_minor": 0
}
